{
  "i18n/i18n.properties": 1641404222678,
  "controller/NotFound.controller.js": 1641404222678,
  "utils/locate-reuse-libs.js": 1638373587439,
  "model/models.js": 1638373587447,
  "model/formatter.js": 1638373587447,
  "manifest.json": 1641415194876,
  "controller/ListSelector.js": 1641404222662,
  "controller/List.controller.js": 1641404219254,
  "controller/ErrorHandler.js": 1641404219254,
  "controller/DetailObjectNotFound.js": 1641404218654,
  "controller/DetailObjectNotFound.controller.js": 1641404218610,
  "controller/Detail.controller.js": 1641404218602,
  "controller/BaseController.js": 1641404218562,
  "controller/App.controller.js": 1641404218386,
  "Component.js": 1641404218382,
  "manifest-bundle.zip": 1641415194887,
  "Component-preload.js": 1641415195298,
  "controller/DetailObjectNotFound-dbg.js": 1641404218654,
  "model/models-dbg.js": 1638373587447,
  "model/formatter-dbg.js": 1638373587447,
  "controller/NotFound-dbg.controller.js": 1641404222678,
  "controller/ListSelector-dbg.js": 1641404222662,
  "controller/List-dbg.controller.js": 1641404219254,
  "controller/ErrorHandler-dbg.js": 1641404219254,
  "utils/locate-reuse-libs-dbg.js": 1638373587439,
  "controller/DetailObjectNotFound-dbg.controller.js": 1641404218610,
  "controller/Detail-dbg.controller.js": 1641404218602,
  "controller/BaseController-dbg.js": 1641404218562,
  "controller/App-dbg.controller.js": 1641404218386,
  "Component-dbg.js": 1641404218382,
  "view/ViewSettingsDialog.fragment.xml": 1638373587451,
  "view/NotFound.view.xml": 1641404223934,
  "view/List.view.xml": 1641404223930,
  "view/DetailObjectNotFound.view.xml": 1641404223838,
  "view/Detail.view.xml": 1641404223838,
  "view/App.view.xml": 1641404223802,
  "index.html": 1641404222694
}